Workbook

Sheet Monthly Tracker
A1: Goodbye Coffee — Social Media Bonus Tracker
A2: Previous month: | B2: July 2026 | C2: Current month: | D2: August 2026
A4: Account / Metric | B4: Previous Month | C4: Current Month | D4: Gain | E4: Bonus
A5: YouTube — Subscribers | D5: =C5-B5 | E5: =MAX(0,D5)*'Bonus Summary'!$C$5
A6: Instagram — Followers | D6: =C6-B6 | E6: =MAX(0,D6)*'Bonus Summary'!$C$6
A7: Facebook — Followers | D7: =C7-B7 | E7: =MAX(0,D7)*'Bonus Summary'!$C$7
A8: Google — Positive Reviews | D8: =C8-B8 | E8: =MAX(0,D8)*'Bonus Summary'!$C$8
A9: YouTube — Hours Watched | D9: =C9-B9 | E9: =MAX(0,D9)*'Bonus Summary'!$C$9
A10: TOTAL BONUS | E10: =SUM(E5:E9)
A12: How to use this sheet
A13: 1. Type last month's and this month's numbers into the shaded yellow cells (columns B and C).
A14: 2. Gain and Bonus calculate themselves — don't type over them.
A15: 3. Bonus rates live on the 'Bonus Summary' tab, column C. Change a rate there and both tabs update.
A17: Bonus rates in force: YouTube subscribers $0.50 · Instagram $0.25 · Facebook $0.25 ·
A18: Google positive reviews $1.50 · YouTube hours watched $0.50 per hour.
A20: Assumptions (change if wrong):
A21: • Every row is paid on the GAIN over last month, including YouTube hours watched and Google reviews —
A22: i.e. this month's figure minus last month's, not the month's total.
A23: • A month that goes backwards pays $0, never a negative bonus (MAX(0, gain) in the formula).
A24: • Google reviews counts POSITIVE reviews only; enter the positive-review count, not the overall total.
A26: Example row (illustration only — not real numbers):
A27: YouTube — Subscribers · Previous 1,240 · Current 1,388 · Gain 148 · Bonus $74.00

Sheet Bonus Summary
A1: Bonus Payout Summary
A2: Pay period: | B2: ='Monthly Tracker'!B2&" → "&'Monthly Tracker'!D2
A4: Account / Metric | B4: Gain | C4: Rate | D4: Unit | E4: Bonus
A5: ='Monthly Tracker'!A5 | B5: ='Monthly Tracker'!D5 | C5: 0.5 | D5: per new subscriber | E5: ='Monthly Tracker'!E5
A6: ='Monthly Tracker'!A6 | B6: ='Monthly Tracker'!D6 | C6: 0.25 | D6: per new follower | E6: ='Monthly Tracker'!E6
A7: ='Monthly Tracker'!A7 | B7: ='Monthly Tracker'!D7 | C7: 0.25 | D7: per new follower | E7: ='Monthly Tracker'!E7
A8: ='Monthly Tracker'!A8 | B8: ='Monthly Tracker'!D8 | C8: 1.5 | D8: per new positive review | E8: ='Monthly Tracker'!E8
A9: ='Monthly Tracker'!A9 | B9: ='Monthly Tracker'!D9 | C9: 0.5 | D9: per additional hour | E9: ='Monthly Tracker'!E9
A10: TOTAL BONUS OWED | E10: =SUM(E5:E9)
A12: Payout detail
A13: Total gain across follower/subscriber rows | B13: =SUM(B5:B7)
A14: Bonus from followers & subscribers | B14: =SUM(E5:E7)
A15: Bonus from YouTube hours watched | B15: =E9
A16: Bonus from Google positive reviews | B16: =E8
A17: Total bonus owed this period | B17: =E10
A20: Notes
A21: • Column C is the only place bonus rates are set — the Monthly Tracker tab reads them from here.
A22: • Everything else on this tab is pulled from the Monthly Tracker; enter data there, not here.
A23: • Bonus rates in force: YouTube subs $0.50, Instagram $0.25, Facebook $0.25,
A24: Google positive reviews $1.50, YouTube hours watched $0.50 per hour.
A25: • Bonus is paid on the month-over-month gain and is floored at $0 for any row that declines.
